B,a,c,k,l,e,s,s, ,D,r,e,s,s,e,s
D,r,a,w,s,t,r,i,n,g, ,P,a,n,t,s
B,a,c,k,l,e,s,s, ,D,r,e,s,s,e,s
D,r,a,w,s,t,r,i,n,g, ,P,a,n,t,s
B,a,c,k,l,e,s,s, ,D,r,e,s,s,e,s
D,r,a,w,s,t,r,i,n,g, ,P,a,n,t,s
B,a,c,k,l,e,s,s, ,D,r,e,s,s,e,s
D,r,a,w,s,t,r,i,n,g, ,P,a,n,t,s
B,a,c,k,l,e,s,s, ,D,r,e,s,s,e,s
D,r,a,w,s,t,r,i,n,g, ,P,a,n,t,s
B,a,c,k,l,e,s,s, ,D,r,e,s,s,e,s
D,r,a,w,s,t,r,i,n,g, ,P,a,n,t,s
B,a,c,k,l,e,s,s, ,D,r,e,s,s,e,s
D,r,a,w,s,t,r,i,n,g, ,P,a,n,t,s
B,a,c,k,l,e,s,s, ,D,r,e,s,s,e,s
D,r,a,w,s,t,r,i,n,g, ,P,a,n,t,s
B,a,c,k,l,e,s,s, ,D,r,e,s,s,e,s
D,r,a,w,s,t,r,i,n,g, ,P,a,n,t,s
B,a,c,k,l,e,s,s, ,D,r,e,s,s,e,s
D,r,a,w,s,t,r,i,n,g, ,P,a,n,t,s
B,a,c,k,l,e,s,s, ,D,r,e,s,s,e,s
D,r,a,w,s,t,r,i,n,g, ,P,a,n,t,s
B,a,c,k,l,e,s,s, ,D,r,e,s,s,e,s
D,r,a,w,s,t,r,i,n,g, ,P,a,n,t,s
B,a,c,k,l,e,s,s, ,D,r,e,s,s,e,s
B,a,g,g,y, ,J,e,a,n,s
D,r,a,w,s,t,r,i,n,g, ,P,a,n,t,s
G,r,a,y
H,a,l,t,e,r, ,T,o,p,s
B,a,c,k,l,e,s,s, ,D,r,e,s,s,e,s
D,r,a,w,s,t,r,i,n,g, ,P,a,n,t,s
B,a,c,k,l,e,s,s, ,D,r,e,s,s,e,s
D,r,a,w,s,t,r,i,n,g, ,P,a,n,t,s
B,a,c,k,l,e,s,s, ,D,r,e,s,s,e,s
B,a,g,g,y, ,J,e,a,n,s
D,r,a,w,s,t,r,i,n,g, ,P,a,n,t,s
B,a,c,k,l,e,s,s, ,D,r,e,s,s,e,s
D,r,a,w,s,t,r,i,n,g, ,P,a,n,t,s
B,a,c,k,l,e,s,s, ,D,r,e,s,s,e,s
D,r,a,w,s,t,r,i,n,g, ,P,a,n,t,s
B,a,c,k,l,e,s,s, ,D,r,e,s,s,e,s
D,r,a,w,s,t,r,i,n,g, ,P,a,n,t,s
B,a,c,k,l,e,s,s, ,D,r,e,s,s,e,s
B,a,g,g,y, ,J,e,a,n,s
D,r,a,w,s,t,r,i,n,g, ,P,a,n,t,s
B,a,c,k,l,e,s,s, ,D,r,e,s,s,e,s
D,r,a,w,s,t,r,i,n,g, ,P,a,n,t,s
B,a,c,k,l,e,s,s, ,D,r,e,s,s,e,s
D,r,a,w,s,t,r,i,n,g, ,P,a,n,t,s
B,a,c,k,l,e,s,s, ,D,r,e,s,s,e,s
D,r,a,w,s,t,r,i,n,g, ,P,a,n,t,s
B,a,c,k,l,e,s,s, ,D,r,e,s,s,e,s
D,r,a,w,s,t,r,i,n,g, ,P,a,n,t,s
B,a,c,k,l,e,s,s, ,D,r,e,s,s,e,s
D,r,a,w,s,t,r,i,n,g, ,P,a,n,t,s
B,a,c,k,l,e,s,s, ,D,r,e,s,s,e,s
D,r,a,w,s,t,r,i,n,g, ,P,a,n,t,s
B,a,c,k,l,e,s,s, ,D,r,e,s,s,e,s
D,r,a,w,s,t,r,i,n,g, ,P,a,n,t,s
B,a,c,k,l,e,s,s, ,D,r,e,s,s,e,s
D,r,a,w,s,t,r,i,n,g, ,P,a,n,t,s
B,a,c,k,l,e,s,s, ,D,r,e,s,s,e,s
D,r,a,w,s,t,r,i,n,g, ,P,a,n,t,s
B,a,c,k,l,e,s,s, ,D,r,e,s,s,e,s
D,r,a,w,s,t,r,i,n,g, ,P,a,n,t,s
B,a,c,k,l,e,s,s, ,D,r,e,s,s,e,s
D,r,a,w,s,t,r,i,n,g, ,P,a,n,t,s
B,a,c,k,l,e,s,s, ,D,r,e,s,s,e,s
D,r,a,w,s,t,r,i,n,g, ,P,a,n,t,s
B,a,c,k,l,e,s,s, ,D,r,e,s,s,e,s
D,r,a,w,s,t,r,i,n,g, ,P,a,n,t,s
B,a,c,k,l,e,s,s, ,D,r,e,s,s,e,s
D,r,a,w,s,t,r,i,n,g, ,P,a,n,t,s
B,a,c,k,l,e,s,s, ,D,r,e,s,s,e,s
D,r,a,w,s,t,r,i,n,g, ,P,a,n,t,s
B,a,c,k,l,e,s,s, ,D,r,e,s,s,e,s
B,a,c,k,l,e,s,s, ,D,r,e,s,s,e,s
D,r,a,w,s,t,r,i,n,g, ,P,a,n,t,s
B,a,c,k,l,e,s,s, ,D,r,e,s,s,e,s
D,r,a,w,s,t,r,i,n,g, ,P,a,n,t,s
B,a,c,k,l,e,s,s, ,D,r,e,s,s,e,s
B,a,c,k,l,e,s,s, ,D,r,e,s,s,e,s
B,a,g,g,y, ,J,e,a,n,s
D,r,a,w,s,t,r,i,n,g, ,P,a,n,t,s
G,r,a,y
H,a,l,t,e,r, ,T,o,p,s
B,a,c,k,l,e,s,s, ,D,r,e,s,s,e,s
B,a,g,g,y, ,J,e,a,n,s
C,h,e,v,r,o,n
D,r,a,w,s,t,r,i,n,g, ,P,a,n,t,s
G,r,a,y
H,a,l,t,e,r, ,T,o,p,s
P,e,p,l,u,m
B,a,c,k,l,e,s,s, ,D,r,e,s,s,e,s
D,r,a,w,s,t,r,i,n,g, ,P,a,n,t,s
B,a,c,k,l,e,s,s, ,D,r,e,s,s,e,s
D,r,a,w,s,t,r,i,n,g, ,P,a,n,t,s
B,a,c,k,l,e,s,s, ,D,r,e,s,s,e,s
D,r,a,w,s,t,r,i,n,g, ,P,a,n,t,s
B,a,c,k,l,e,s,s, ,D,r,e,s,s,e,s
D,r,a,w,s,t,r,i,n,g, ,P,a,n,t,s
B,a,c,k,l,e,s,s, ,D,r,e,s,s,e,s
D,r,a,w,s,t,r,i,n,g, ,P,a,n,t,s
B,a,c,k,l,e,s,s, ,D,r,e,s,s,e,s
D,r,a,w,s,t,r,i,n,g, ,P,a,n,t,s
B,a,c,k,l,e,s,s, ,D,r,e,s,s,e,s
B,a,g,g,y, ,J,e,a,n,s
D,r,a,w,s,t,r,i,n,g, ,P,a,n,t,s
H,a,l,t,e,r, ,T,o,p,s
B,a,c,k,l,e,s,s, ,D,r,e,s,s,e,s
D,r,a,w,s,t,r,i,n,g, ,P,a,n,t,s
B,a,c,k,l,e,s,s, ,D,r,e,s,s,e,s
D,r,a,w,s,t,r,i,n,g, ,P,a,n,t,s
B,a,c,k,l,e,s,s, ,D,r,e,s,s,e,s
B,a,g,g,y, ,J,e,a,n,s
C,h,e,c,k,e,r,e,d
C,h,e,v,r,o,n
D,r,a,w,s,t,r,i,n,g, ,P,a,n,t,s
G,r,a,y
H,a,l,t,e,r, ,T,o,p,s
P,e,p,l,u,m
U,n,k,n,o,w,n
A,r,g,y,l,e
A,s,y,m,m,e,t,r,i,c
A,t,h,l,e,t,i,c, ,P,a,n,t,s
A,t,h,l,e,t,i,c, ,S,e,t,s
A,t,h,l,e,t,i,c, ,S,h,i,r,t,s
A,t,h,l,e,t,i,c, ,S,h,o,r,t,s
B,a,c,k,l,e,s,s, ,D,r,e,s,s,e,s
B,a,g,g,y, ,J,e,a,n,s
B,a,n,d,a,g,e
B,a,n,d,e,a,u,s
B,a,t,w,i,n,g, ,T,o,p,s
B,e,a,c,h, ,&, ,S,w,i,m, ,W,e,a,r
B,e,a,d,e,d
B,e,i,g,e
B,i,k,i,n,i,s
B,i,n,d,e,r,s
B,l,a,c,k
B,l,o,u,s,e,s
B,l,u,e
B,o,d,y,c,o,n
B,o,d,y,s,u,i,t,s
B,o,o,t,s
B,r,a, ,S,t,r,a,p,s
B,r,o,n,z,e
B,r,o,w,n
B,u,b,b,l,e, ,C,o,a,t,s
B,u,s,i,n,e,s,s, ,S,h,o,e,s
C,a,m,o,u,f,l,a,g,e
C,a,n,v,a,s
C,a,p,e,s, ,&, ,C,a,p,e,l,e,t,s
C,a,p,r,i, ,P,a,n,t,s
C,a,r,d,i,g,a,n,s
C,a,r,g,o, ,P,a,n,t,s
C,a,r,g,o, ,S,h,o,r,t,s
C,a,s,h,m,e,r,e
C,a,s,u,a,l, ,D,r,e,s,s,e,s
C,a,s,u,a,l, ,P,a,n,t,s
C,a,s,u,a,l, ,S,h,i,r,t,s
C,a,s,u,a,l, ,S,h,o,e,s
C,a,s,u,a,l, ,S,h,o,r,t,s
C,h,a,m,b,r,a,y
C,h,e,c,k,e,r,e,d
C,h,e,v,r,o,n
C,h,i,f,f,o,n
C,l,e,a,r
C,l,e,a,t,s
C,l,u,b,b,i,n,g, ,D,r,e,s,s,e,s
C,o,c,k,t,a,i,l, ,D,r,e,s,s,e,s
C,o,l,l,a,r,e,d
C,o,r,d,u,r,o,y
C,o,r,s,e,t,s
C,o,s,t,u,m,e,s, ,&, ,C,o,s,p,l,a,y
C,o,t,t,o,n
C,r,i,s,s, ,C,r,o,s,s
C,r,o,c,h,e,t
C,r,o,p, ,T,o,p,s
C,u,s,t,o,m, ,M,a,d,e, ,C,l,o,t,h,i,n,g
D,a,n,c,e, ,W,e,a,r
D,e,n,i,m
D,r,a,w,s,t,r,i,n,g, ,P,a,n,t,s
D,r,e,s,s, ,S,h,i,r,t,s
D,r,e,s,s,e,s
F,a,s,h,i,o,n, ,S,e,t,s
F,a,u,x, ,F,u,r
F,e,m,a,l,e
F,l,a,n,n,e,l
F,l,a,t,s
F,l,e,e,c,e
F,l,o,r,a,l
F,o,r,m,a,l, ,D,r,e,s,s,e,s
F,r,i,n,g,e
F,u,r,r,y
G,a,l,a,x,y
G,e,o,m,e,t,r,i,c
G,i,n,g,h,a,m
G,o,l,d
G,r,a,y
G,r,e,e,n
H,a,l,t,e,r, ,T,o,p,s
H,a,r,e,m, ,P,a,n,t,s
H,e,a,r,t,s
H,e,e,l,s
H,e,r,r,i,n,g,b,o,n,e
H,i,-,L,o
H,i,k,i,n,g, ,B,o,o,t,s
H,o,l,l,o,w,-,O,u,t
H,o,o,d,i,e,s, ,&, ,S,w,e,a,t,s,h,i,r,t,s
H,o,s,i,e,r,y,",", ,S,t,o,c,k,i,n,g,s,",", ,T,i,g,h,t,s
H,o,u,n,d,s,t,o,o,t,h
J,a,c,k,e,t,s
J,e,a,n,s
J,e,r,s,e,y,s
J,i,l,b,a,a,b
J,u,m,p,s,u,i,t,s, ,O,v,e,r,a,l,l,s, ,&, ,R,o,m,p,e,r,s
K,i,m,o,n,o,s
K,n,i,t
L,a,c,e
L,e,a,t,h,e,r
L,e,g,g,i,n,g,s
L,e,o,p,a,r,d, ,A,n,d, ,C,h,e,e,t,a,h
L,i,n,e,n
L,i,n,g,e,r,i,e, ,S,l,e,e,p,w,e,a,r, ,&, ,U,n,d,e,r,w,e,a,r
L,o,a,f,e,r,s, ,&, ,S,l,i,p,-,o,n, ,S,h,o,e,s
L,o,n,g, ,S,l,e,e,v,e,d
M,a,l,e
M,a,r,b,l,e,d
M,a,r,o,o,n
M,a,t,e,r,n,i,t,y
M,e,s,h
M,u,l,t,i, ,C,o,l,o,r
N,e,o,p,r,e,n,e
N,e,u,t,r,a,l
N,i,g,h,t,g,o,w,n,s
N,y,l,o,n
O,f,f, ,T,h,e, ,S,h,o,u,l,d,e,r
O,r,a,n,g,e
O,r,g,a,n,z,a
P,a,d,d,e,d, ,B,r,a,s
P,a,i,s,l,e,y
P,a,j,a,m,a,s
P,a,r,t,y, ,D,r,e,s,s,e,s
P,a,s,t,i,e,s
P,a,t,e,n,t
P,e,a,c,h
P,e,a,c,o,a,t,s
P,e,n,c,i,l, ,S,k,i,r,t,s
P,e,p,l,u,m
P,e,t,t,i,c,o,a,t,s
P,i,n, ,S,t,r,i,p,e,s
P,i,n,k
P,l,a,i,d
P,l,e,a,t,e,d
P,l,u,s,h
P,o,l,k,a, ,D,o,t
P,o,l,o,s
P,o,l,y,e,s,t,e,r
P,r,i,n,t,e,d
P,r,o,m, ,D,r,e,s,s,e,s
P,u,f,f, ,S,l,e,e,v,e,s
P,u,l,l,o,v,e,r, ,S,w,e,a,t,e,r,s
P,u,r,p,l,e
Q,u,i,l,t,e,d
R,a,c,e,r,b,a,c,k
R,a,i,n, ,B,o,o,t,s
R,a,i,n,c,o,a,t,s
R,a,y,o,n
R,e,d
R,e,v,e,r,s,i,b,l,e
R,h,i,n,e,s,t,o,n,e, ,S,t,u,d,d,e,d
R,i,p,p,e,d
R,o,b,e,s
R,o,u,n,d, ,N,e,c,k
R,u,c,h,e,d
R,u,f,f,l,e,s
R,u,n,n,i,n,g, ,S,h,o,e,s
S,a,n,d,a,l,s
S,a,t,i,n
S,e,q,u,i,n,s
S,h,e,e,r, ,T,o,p,s
S,h,o,e, ,A,c,c,e,s,s,o,r,i,e,s
S,h,o,e, ,I,n,s,e,r,t,s
S,h,o,e,l,a,c,e,s
S,h,o,r,t,s
S,h,o,u,l,d,e,r, ,D,r,a,p,e,s
S,i,l,k
S,i,l,v,e,r
S,k,i,n,n,y, ,J,e,a,n,s
S,k,i,r,t,s
S,l,e,e,v,e,l,e,s,s
S,l,i,p,p,e,r,s
S,n,a,k,e,s,k,i,n
S,n,e,a,k,e,r,s
S,p,a,g,h,e,t,t,i, ,S,t,r,a,p,s
S,p,a,n,d,e,x
S,p,o,r,t,s, ,B,r,a,s
S,q,u,a,r,e, ,N,e,c,k,e,d
S,t,i,l,e,t,t,o,s
S,t,r,a,p,l,e,s,s
S,t,r,i,p,e,s
S,u,e,d,e
S,u,i,t,s, ,&, ,B,l,a,z,e,r,s
S,u,m,m,e,r
S,w,e,a,t,p,a,n,t,s
S,w,e,e,t,h,e,a,r,t, ,N,e,c,k,l,i,n,e
S,w,i,m, ,T,r,u,n,k,s
S,w,i,m,s,u,i,t, ,C,o,v,e,r,-,u,p,s
S,w,i,m,s,u,i,t,s
T,-,S,h,i,r,t,s
T,a,f,f,e,t,a
T,a,n
T,a,n,k, ,T,o,p,s
T,e,a,l
T,h,e,r,m,a,l, ,U,n,d,e,r,w,e,a,r
T,h,i,g,h, ,H,i,g,h,s
T,h,o,n,g,s
T,h,r,e,e, ,P,i,e,c,e, ,S,u,i,t,s
T,i,e, ,D,y,e
T,r,e,n,c,h, ,C,o,a,t,s
T,r,o,u,s,e,r,s
T,u,b,e, ,T,o,p,s
T,u,l,l,e
T,u,n,i,c
T,u,r,t,l,e,n,e,c,k,s
T,u,t,u,s
T,w,e,e,d
T,w,i,l,l
T,w,o,-,T,o,n,e
U,-,N,e,c,k,s
U,n,d,e,r,s,h,i,r,t,s
U,n,d,e,r,w,e,a,r
U,n,i,f,o,r,m,s
V,-,N,e,c,k,s
V,e,l,o,u,r
V,e,l,v,e,t
V,e,s,t,s
V,i,n,t,a,g,e, ,R,e,t,r,o
V,i,n,y,l
W,e,d,d,i,n,g, ,D,r,e,s,s,e,s
W,e,d,g,e,s, ,&, ,P,l,a,t,f,o,r,m,s
W,h,i,t,e
W,i,n,t,e,r, ,B,o,o,t,s
W,o,o,l
W,r,a,p
Y,e,l,l,o,w
B,a,c,k,l,e,s,s, ,D,r,e,s,s,e,s
D,r,a,w,s,t,r,i,n,g, ,P,a,n,t,s
B,a,c,k,l,e,s,s, ,D,r,e,s,s,e,s
D,r,a,w,s,t,r,i,n,g, ,P,a,n,t,s
B,a,c,k,l,e,s,s, ,D,r,e,s,s,e,s
D,r,a,w,s,t,r,i,n,g, ,P,a,n,t,s
B,a,c,k,l,e,s,s, ,D,r,e,s,s,e,s
D,r,a,w,s,t,r,i,n,g, ,P,a,n,t,s
B,a,c,k,l,e,s,s, ,D,r,e,s,s,e,s
B,a,c,k,l,e,s,s, ,D,r,e,s,s,e,s
D,r,a,w,s,t,r,i,n,g, ,P,a,n,t,s
B,a,c,k,l,e,s,s, ,D,r,e,s,s,e,s
B,a,g,g,y, ,J,e,a,n,s
C,h,e,c,k,e,r,e,d
C,h,e,v,r,o,n
C,r,i,s,s, ,C,r,o,s,s
D,r,a,w,s,t,r,i,n,g, ,P,a,n,t,s
F,r,i,n,g,e
G,r,a,y
H,a,l,t,e,r, ,T,o,p,s
H,i,-,L,o
J,i,l,b,a,a,b
L,e,g,g,i,n,g,s
N,e,o,p,r,e,n,e
P,e,p,l,u,m
P,o,l,y,e,s,t,e,r
S,a,t,i,n
S,i,l,k
S,l,i,p,p,e,r,s
S,p,o,r,t,s, ,B,r,a,s
S,w,i,m, ,T,r,u,n,k,s
T,u,l,l,e
W,r,a,p
B,a,c,k,l,e,s,s, ,D,r,e,s,s,e,s
D,r,a,w,s,t,r,i,n,g, ,P,a,n,t,s
B,a,c,k,l,e,s,s, ,D,r,e,s,s,e,s
D,r,a,w,s,t,r,i,n,g, ,P,a,n,t,s
B,a,c,k,l,e,s,s, ,D,r,e,s,s,e,s
D,r,a,w,s,t,r,i,n,g, ,P,a,n,t,s
B,a,c,k,l,e,s,s, ,D,r,e,s,s,e,s
D,r,a,w,s,t,r,i,n,g, ,P,a,n,t,s
B,a,c,k,l,e,s,s, ,D,r,e,s,s,e,s
B,a,g,g,y, ,J,e,a,n,s
D,r,a,w,s,t,r,i,n,g, ,P,a,n,t,s
B,a,c,k,l,e,s,s, ,D,r,e,s,s,e,s
D,r,a,w,s,t,r,i,n,g, ,P,a,n,t,s
B,a,c,k,l,e,s,s, ,D,r,e,s,s,e,s
B,a,c,k,l,e,s,s, ,D,r,e,s,s,e,s
D,r,a,w,s,t,r,i,n,g, ,P,a,n,t,s
B,a,c,k,l,e,s,s, ,D,r,e,s,s,e,s
D,r,a,w,s,t,r,i,n,g, ,P,a,n,t,s
B,a,c,k,l,e,s,s, ,D,r,e,s,s,e,s
D,r,a,w,s,t,r,i,n,g, ,P,a,n,t,s
B,a,c,k,l,e,s,s, ,D,r,e,s,s,e,s
B,a,c,k,l,e,s,s, ,D,r,e,s,s,e,s
D,r,a,w,s,t,r,i,n,g, ,P,a,n,t,s
B,a,c,k,l,e,s,s, ,D,r,e,s,s,e,s
D,r,a,w,s,t,r,i,n,g, ,P,a,n,t,s
B,a,c,k,l,e,s,s, ,D,r,e,s,s,e,s
D,r,a,w,s,t,r,i,n,g, ,P,a,n,t,s
B,a,c,k,l,e,s,s, ,D,r,e,s,s,e,s
D,r,a,w,s,t,r,i,n,g, ,P,a,n,t,s
B,a,c,k,l,e,s,s, ,D,r,e,s,s,e,s
D,r,a,w,s,t,r,i,n,g, ,P,a,n,t,s
B,a,c,k,l,e,s,s, ,D,r,e,s,s,e,s
D,r,a,w,s,t,r,i,n,g, ,P,a,n,t,s
B,a,c,k,l,e,s,s, ,D,r,e,s,s,e,s
D,r,a,w,s,t,r,i,n,g, ,P,a,n,t,s
B,a,c,k,l,e,s,s, ,D,r,e,s,s,e,s
D,r,a,w,s,t,r,i,n,g, ,P,a,n,t,s
B,a,c,k,l,e,s,s, ,D,r,e,s,s,e,s
D,r,a,w,s,t,r,i,n,g, ,P,a,n,t,s
B,a,c,k,l,e,s,s, ,D,r,e,s,s,e,s
D,r,a,w,s,t,r,i,n,g, ,P,a,n,t,s
B,a,c,k,l,e,s,s, ,D,r,e,s,s,e,s
D,r,a,w,s,t,r,i,n,g, ,P,a,n,t,s
B,a,c,k,l,e,s,s, ,D,r,e,s,s,e,s
D,r,a,w,s,t,r,i,n,g, ,P,a,n,t,s
B,a,c,k,l,e,s,s, ,D,r,e,s,s,e,s
D,r,a,w,s,t,r,i,n,g, ,P,a,n,t,s
B,a,c,k,l,e,s,s, ,D,r,e,s,s,e,s
D,r,a,w,s,t,r,i,n,g, ,P,a,n,t,s
B,a,c,k,l,e,s,s, ,D,r,e,s,s,e,s
D,r,a,w,s,t,r,i,n,g, ,P,a,n,t,s
B,a,c,k,l,e,s,s, ,D,r,e,s,s,e,s
D,r,a,w,s,t,r,i,n,g, ,P,a,n,t,s
B,a,c,k,l,e,s,s, ,D,r,e,s,s,e,s
D,r,a,w,s,t,r,i,n,g, ,P,a,n,t,s
B,a,c,k,l,e,s,s, ,D,r,e,s,s,e,s
D,r,a,w,s,t,r,i,n,g, ,P,a,n,t,s
B,a,c,k,l,e,s,s, ,D,r,e,s,s,e,s
D,r,a,w,s,t,r,i,n,g, ,P,a,n,t,s
B,a,c,k,l,e,s,s, ,D,r,e,s,s,e,s
D,r,a,w,s,t,r,i,n,g, ,P,a,n,t,s
Backless Dresses,Drawstring Pants,Backless Dresses,Drawstring Pants,Backless Dresses,Drawstring Pants,Backless Dresses,Drawstring Pants,Backless Dresses,Drawstring Pants,Backless Dresses,Drawstring Pants,Backless Dresses,Drawstring Pants,Backless Dresses,Drawstring Pants,Backless Dresses,Drawstring Pants,Backless Dresses,Drawstring Pants,Backless Dresses,Drawstring Pants,Backless Dresses,Drawstring Pants,Backless Dresses,Baggy Jeans,Drawstring Pants,Gray,Halter Tops,Backless Dresses,Drawstring Pants,Backless Dresses,Drawstring Pants,Backless Dresses,Baggy Jeans,Drawstring Pants,Backless Dresses,Drawstring Pants,Backless Dresses,Drawstring Pants,Backless Dresses,Drawstring Pants,Backless Dresses,Baggy Jeans,Drawstring Pants,Backless Dresses,Drawstring Pants,Backless Dresses,Drawstring Pants,Backless Dresses,Drawstring Pants,Backless Dresses,Drawstring Pants,Backless Dresses,Drawstring Pants,Backless Dresses,Drawstring Pants,Backless Dresses,Drawstring Pants,Backless Dresses,Drawstring Pants,Backless Dresses,Drawstring Pants,Backless Dresses,Drawstring Pants,Backless Dresses,Drawstring Pants,Backless Dresses,Drawstring Pants,Backless Dresses,Drawstring Pants,Backless Dresses,Drawstring Pants,Backless Dresses,Drawstring Pants,Backless Dresses,Backless Dresses,Drawstring Pants,Backless Dresses,Drawstring Pants,Backless Dresses,Backless Dresses,Baggy Jeans,Drawstring Pants,Gray,Halter Tops,Backless Dresses,Baggy Jeans,Chevron,Drawstring Pants,Gray,Halter Tops,Peplum,Backless Dresses,Drawstring Pants,Backless Dresses,Drawstring Pants,Backless Dresses,Drawstring Pants,Backless Dresses,Drawstring Pants,Backless Dresses,Drawstring Pants,Backless Dresses,Drawstring Pants,Backless Dresses,Baggy Jeans,Drawstring Pants,Halter Tops,Backless Dresses,Drawstring Pants,Backless Dresses,Drawstring Pants,Backless Dresses,Baggy Jeans,Checkered,Chevron,Drawstring Pants,Gray,Halter Tops,Peplum,Unknown,Argyle,Asymmetric,Athletic Pants,Athletic Sets,Athletic Shirts,Athletic Shorts,Backless Dresses,Baggy Jeans,Bandage,Bandeaus,Batwing Tops,Beach & Swim Wear,Beaded,Beige,Bikinis,Binders,Black,Blouses,Blue,Bodycon,Bodysuits,Boots,Bra Straps,Bronze,Brown,Bubble Coats,Business Shoes,Camouflage,Canvas,Capes & Capelets,Capri Pants,Cardigans,Cargo Pants,Cargo Shorts,Cashmere,Casual Dresses,Casual Pants,Casual Shirts,Casual Shoes,Casual Shorts,Chambray,Checkered,Chevron,Chiffon,Clear,Cleats,Clubbing Dresses,Cocktail Dresses,Collared,Corduroy,Corsets,Costumes & Cosplay,Cotton,Criss Cross,Crochet,Crop Tops,Custom Made Clothing,Dance Wear,Denim,Drawstring Pants,Dress Shirts,Dresses,Fashion Sets,Faux Fur,Female,Flannel,Flats,Fleece,Floral,Formal Dresses,Fringe,Furry,Galaxy,Geometric,Gingham,Gold,Gray,Green,Halter Tops,Harem Pants,Hearts,Heels,Herringbone,Hi-Lo,Hiking Boots,Hollow-Out,Hoodies & Sweatshirts,"Hosiery, Stockings, Tights",Houndstooth,Jackets,Jeans,Jerseys,Jilbaab,Jumpsuits Overalls & Rompers,Kimonos,Knit,Lace,Leather,Leggings,Leopard And Cheetah,Linen,Lingerie Sleepwear & Underwear,Loafers & Slip-on Shoes,Long Sleeved,Male,Marbled,Maroon,Maternity,Mesh,Multi Color,Neoprene,Neutral,Nightgowns,Nylon,Off The Shoulder,Orange,Organza,Padded Bras,Paisley,Pajamas,Party Dresses,Pasties,Patent,Peach,Peacoats,Pencil Skirts,Peplum,Petticoats,Pin Stripes,Pink,Plaid,Pleated,Plush,Polka Dot,Polos,Polyester,Printed,Prom Dresses,Puff Sleeves,Pullover Sweaters,Purple,Quilted,Racerback,Rain Boots,Raincoats,Rayon,Red,Reversible,Rhinestone Studded,Ripped,Robes,Round Neck,Ruched,Ruffles,Running Shoes,Sandals,Satin,Sequins,Sheer Tops,Shoe Accessories,Shoe Inserts,Shoelaces,Shorts,Shoulder Drapes,Silk,Silver,Skinny Jeans,Skirts,Sleeveless,Slippers,Snakeskin,Sneakers,Spaghetti Straps,Spandex,Sports Bras,Square Necked,Stilettos,Strapless,Stripes,Suede,Suits & Blazers,Summer,Sweatpants,Sweetheart Neckline,Swim Trunks,Swimsuit Cover-ups,Swimsuits,T-Shirts,Taffeta,Tan,Tank Tops,Teal,Thermal Underwear,Thigh Highs,Thongs,Three Piece Suits,Tie Dye,Trench Coats,Trousers,Tube Tops,Tulle,Tunic,Turtlenecks,Tutus,Tweed,Twill,Two-Tone,U-Necks,Undershirts,Underwear,Uniforms,V-Necks,Velour,Velvet,Vests,Vintage Retro,Vinyl,Wedding Dresses,Wedges & Platforms,White,Winter Boots,Wool,Wrap,Yellow,Backless Dresses,Drawstring Pants,Backless Dresses,Drawstring Pants,Backless Dresses,Drawstring Pants,Backless Dresses,Drawstring Pants,Backless Dresses,Backless Dresses,Drawstring Pants,Backless Dresses,Baggy Jeans,Checkered,Chevron,Criss Cross,Drawstring Pants,Fringe,Gray,Halter Tops,Hi-Lo,Jilbaab,Leggings,Neoprene,Peplum,Polyester,Satin,Silk,Slippers,Sports Bras,Swim Trunks,Tulle,Wrap,Backless Dresses,Drawstring Pants,Backless Dresses,Drawstring Pants,Backless Dresses,Drawstring Pants,Backless Dresses,Drawstring Pants,Backless Dresses,Baggy Jeans,Drawstring Pants,Backless Dresses,Drawstring Pants,Backless Dresses,Backless Dresses,Drawstring Pants,Backless Dresses,Drawstring Pants,Backless Dresses,Drawstring Pants,Backless Dresses,Backless Dresses,Drawstring Pants,Backless Dresses,Drawstring Pants,Backless Dresses,Drawstring Pants,Backless Dresses,Drawstring Pants,Backless Dresses,Drawstring Pants,Backless Dresses,Drawstring Pants,Backless Dresses,Drawstring Pants,Backless Dresses,Drawstring Pants,Backless Dresses,Drawstring Pants,Backless Dresses,Drawstring Pants,Backless Dresses,Drawstring Pants,Backless Dresses,Drawstring Pants,Backless Dresses,Drawstring Pants,Backless Dresses,Drawstring Pants,Backless Dresses,Drawstring Pants,Backless Dresses,Drawstring Pants,Backless Dresses,Drawstring Pants,Backless Dresses,Drawstring Pants,Backless Dresses,Drawstring Pants,Backless Dresses,Drawstring Pants
Backless Dresses,Drawstring Pants,Backless Dresses,Drawstring Pants,Backless Dresses,Drawstring Pants,Backless Dresses,Drawstring Pants,Backless Dresses,Drawstring Pants,Backless Dresses,Drawstring Pants,Backless Dresses,Drawstring Pants,Backless Dresses,Drawstring Pants,Backless Dresses,Drawstring Pants,Backless Dresses,Drawstring Pants,Backless Dresses,Drawstring Pants,Backless Dresses,Drawstring Pants,Backless Dresses,Drawstring Pants,Backless Dresses,Baggy Jeans,Drawstring Pants,Gray,Halter Tops,Backless Dresses,Baggy Jeans,Drawstring Pants,Backless Dresses,Drawstring Pants,Backless Dresses,Drawstring Pants,Backless Dresses,Drawstring Pants,Backless Dresses,Drawstring Pants,Backless Dresses,Drawstring Pants,Backless Dresses,Baggy Jeans,Chevron,Drawstring Pants,Gray,Halter Tops,Peplum,Backless Dresses,Baggy Jeans,Chevron,Drawstring Pants,Gray,Halter Tops,Peplum,Backless Dresses,Drawstring Pants,Backless Dresses,Baggy Jeans,Drawstring Pants,Backless Dresses,Drawstring Pants,Backless Dresses,Drawstring Pants,Backless Dresses,Drawstring Pants,Backless Dresses,Drawstring Pants,Backless Dresses,Drawstring Pants,Backless Dresses,Drawstring Pants,Backless Dresses,Drawstring Pants,Backless Dresses,Drawstring Pants,Backless Dresses,Baggy Jeans,Chevron,Drawstring Pants,Gray,Halter Tops,Backless Dresses,Drawstring Pants,Backless Dresses,Drawstring Pants,Backless Dresses,Drawstring Pants,Backless Dresses,Drawstring Pants,Backless Dresses,Drawstring Pants,Backless Dresses,Baggy Jeans,Checkered,Chevron,Criss Cross,Drawstring Pants,Fringe,Gray,Halter Tops,Hi-Lo,Jilbaab,Leggings,Neoprene,Peplum,Polyester,Satin,Silk,Slippers,Sports Bras,Swim Trunks,Tulle,Wrap,Unknown,Argyle,Asymmetric,Athletic Pants,Athletic Sets,Athletic Shirts,Athletic Shorts,Backless Dresses,Baggy Jeans,Bandage,Bandeaus,Batwing Tops,Beach & Swim Wear,Beaded,Beige,Bikinis,Binders,Black,Blouses,Blue,Bodycon,Bodysuits,Boots,Bra Straps,Bronze,Brown,Bubble Coats,Business Shoes,Camouflage,Canvas,Capes & Capelets,Capri Pants,Cardigans,Cargo Pants,Cargo Shorts,Cashmere,Casual Dresses,Casual Pants,Casual Shirts,Casual Shoes,Casual Shorts,Chambray,Checkered,Chevron,Chiffon,Clear,Cleats,Clubbing Dresses,Cocktail Dresses,Collared,Corduroy,Corsets,Costumes & Cosplay,Cotton,Criss Cross,Crochet,Crop Tops,Custom Made Clothing,Dance Wear,Denim,Drawstring Pants,Dress Shirts,Dresses,Fashion Sets,Faux Fur,Female,Flannel,Flats,Fleece,Floral,Formal Dresses,Fringe,Furry,Galaxy,Geometric,Gingham,Gold,Gray,Green,Halter Tops,Harem Pants,Hearts,Heels,Herringbone,Hi-Lo,Hiking Boots,Hollow-Out,Hoodies & Sweatshirts,"Hosiery, Stockings, Tights",Houndstooth,Jackets,Jeans,Jerseys,Jilbaab,Jumpsuits Overalls & Rompers,Kimonos,Knit,Lace,Leather,Leggings,Leopard And Cheetah,Linen,Lingerie Sleepwear & Underwear,Loafers & Slip-on Shoes,Long Sleeved,Male,Marbled,Maroon,Maternity,Mesh,Multi Color,Neoprene,Neutral,Nightgowns,Nylon,Off The Shoulder,Orange,Organza,Padded Bras,Paisley,Pajamas,Party Dresses,Pasties,Patent,Peach,Peacoats,Pencil Skirts,Peplum,Petticoats,Pin Stripes,Pink,Plaid,Pleated,Plush,Polka Dot,Polos,Polyester,Printed,Prom Dresses,Puff Sleeves,Pullover Sweaters,Purple,Quilted,Racerback,Rain Boots,Raincoats,Rayon,Red,Reversible,Rhinestone Studded,Ripped,Robes,Round Neck,Ruched,Ruffles,Running Shoes,Sandals,Satin,Sequins,Sheer Tops,Shoe Accessories,Shoe Inserts,Shoelaces,Shorts,Shoulder Drapes,Silk,Silver,Skinny Jeans,Skirts,Sleeveless,Slippers,Snakeskin,Sneakers,Spaghetti Straps,Spandex,Sports Bras,Square Necked,Stilettos,Strapless,Stripes,Suede,Suits & Blazers,Summer,Sweatpants,Sweetheart Neckline,Swim Trunks,Swimsuit Cover-ups,Swimsuits,T-Shirts,Taffeta,Tan,Tank Tops,Teal,Thermal Underwear,Thigh Highs,Thongs,Three Piece Suits,Tie Dye,Trench Coats,Trousers,Tube Tops,Tulle,Tunic,Turtlenecks,Tutus,Tweed,Twill,Two-Tone,U-Necks,Undershirts,Underwear,Uniforms,V-Necks,Velour,Velvet,Vests,Vintage Retro,Vinyl,Wedding Dresses,Wedges & Platforms,White,Winter Boots,Wool,Wrap,Yellow,Backless Dresses,Drawstring Pants,Backless Dresses,Drawstring Pants,Backless Dresses,Drawstring Pants,Backless Dresses,Drawstring Pants,Backless Dresses,Drawstring Pants,Backless Dresses,Baggy Jeans,Drawstring Pants,Halter Tops,Backless Dresses,Drawstring Pants,Backless Dresses,Baggy Jeans,Drawstring Pants,Backless Dresses,Drawstring Pants,Backless Dresses,Baggy Jeans,Chevron,Drawstring Pants,Gray,Halter Tops,Backless Dresses,Drawstring Pants,Backless Dresses,Drawstring Pants,Backless Dresses,Drawstring Pants,Backless Dresses,Drawstring Pants,Backless Dresses,Drawstring Pants,Backless Dresses,Drawstring Pants,Backless Dresses,Drawstring Pants,Backless Dresses,Drawstring Pants,Backless Dresses,Drawstring Pants,Backless Dresses,Drawstring Pants,Backless Dresses,Drawstring Pants,Backless Dresses,Drawstring Pants,Backless Dresses,Drawstring Pants,Backless Dresses,Drawstring Pants,Backless Dresses,Drawstring Pants,Backless Dresses,Drawstring Pants,Backless Dresses,Drawstring Pants,Backless Dresses,Drawstring Pants,Backless Dresses,Drawstring Pants,Backless Dresses,Drawstring Pants,Backless Dresses,Backless Dresses,Drawstring Pants
